numero,nom_complet,fichier_photo,url_photo,taille_ko
1,"Damien Abad","001_Damien_Abad.png","https://datan.fr/assets/imgs/deputes_nobg/depute_605036.png","16.35"
2,"Caroline Abadie","002_Caroline_Abadie.png","https://datan.fr/assets/imgs/deputes_nobg/depute_719866.png","14.92"
3,"Nadège Abomangoli","003_Nadège_Abomangoli.png","https://datan.fr/assets/imgs/deputes_original/depute_795228.png","169.34"
4,"Jean-Félix Acquaviva","004_Jean-Félix_Acquaviva.png","https://datan.fr/assets/imgs/deputes_nobg/depute_719146.png","15.36"
5,"Damien Adam","005_Damien_Adam.png","https://datan.fr/assets/imgs/deputes_nobg/depute_722038.png","14.22"
6,"Sabrina Agresti-Roubache","006_Sabrina_Agresti-Roubache.png","https://datan.fr/assets/imgs/deputes_nobg/depute_793278.png","19.11"
7,"Éric Alauzet","007_Éric_Alauzet.png","https://datan.fr/assets/imgs/deputes_nobg/depute_605963.png","15.76"
8,"Xavier Albertini","008_Xavier_Albertini.png","https://datan.fr/assets/imgs/deputes_original/depute_794278.png","169.34"
9,"Laurent Alexandre","009_Laurent_Alexandre.png","https://datan.fr/assets/imgs/deputes_original/depute_793262.png","169.34"
10,"Henri Alfandari","010_Henri_Alfandari.png","https://datan.fr/assets/imgs/deputes_original/depute_793992.png","169.34"
11,"Franck Allisio","011_Franck_Allisio.png","https://datan.fr/assets/imgs/deputes_original/depute_793432.png","169.34"
12,"Gabriel Amard","012_Gabriel_Amard.png","https://datan.fr/assets/imgs/deputes_original/depute_794906.png","169.34"
13,"David Amiel","013_David_Amiel.png","https://datan.fr/assets/imgs/deputes_original/depute_795950.png","169.34"
14,"Ségolène Amiot","014_Ségolène_Amiot.png","https://datan.fr/assets/imgs/deputes_original/depute_794138.png","169.34"
15,"Farida Amrani","015_Farida_Amrani.png","https://datan.fr/assets/imgs/deputes_original/depute_795588.png","169.34"
16,"Pieyre-Alexandre Anglade","016_Pieyre-Alexandre_Anglade.png","https://datan.fr/assets/imgs/deputes_original/depute_721158.png","169.34"
17,"Emmanuelle Anthoine","017_Emmanuelle_Anthoine.png","https://datan.fr/assets/imgs/deputes_nobg/depute_719318.png","20.00"
18,"Jean-Philippe Ardouin","018_Jean-Philippe_Ardouin.png","https://datan.fr/assets/imgs/deputes_nobg/depute_719100.png","14.70"
19,"Rodrigo Arenas","019_Rodrigo_Arenas.png","https://datan.fr/assets/imgs/deputes_original/depute_795084.png","169.34"
20,"Antoine Armand","020_Antoine_Armand.png","https://datan.fr/assets/imgs/deputes_original/depute_795144.png","169.34"
21,"Christine Arrighi","021_Christine_Arrighi.png","https://datan.fr/assets/imgs/deputes_original/depute_793780.png","169.34"
22,"Gabriel Attal","022_Gabriel_Attal.png","https://datan.fr/assets/imgs/deputes_original/depute_722190.png","169.34"
23,"Clémentine Autain","023_Clémentine_Autain.png","https://datan.fr/assets/imgs/deputes_original/depute_588884.png","169.34"
24,"Bénédicte Auzanot","024_Bénédicte_Auzanot.png","https://datan.fr/assets/imgs/deputes_original/depute_796118.png","169.34"
25,"Joël Aviragnet","025_Joël_Aviragnet.png","https://datan.fr/assets/imgs/deputes_original/depute_642764.png","169.34"
26,"Anne-Laure Babault","026_Anne-Laure_Babault.png","https://datan.fr/assets/imgs/deputes_nobg/depute_793560.png","14.70"
27,"Erwan Balanant","027_Erwan_Balanant.png","https://datan.fr/assets/imgs/deputes_original/depute_719558.png","169.34"
28,"Philippe Ballard","028_Philippe_Ballard.png","https://datan.fr/assets/imgs/deputes_original/depute_794562.png","169.34"
29,"Géraldine Bannier","029_Géraldine_Bannier.png","https://datan.fr/assets/imgs/deputes_original/depute_720256.png","169.34"
30,"Christian Baptiste","030_Christian_Baptiste.png","https://datan.fr/assets/imgs/deputes_original/depute_643143.png","169.34"
31,"Jean-Noël Barrot","031_Jean-Noël_Barrot.png","https://datan.fr/assets/imgs/deputes_original/depute_721836.png","169.34"
32,"Christophe Barthès","032_Christophe_Barthès.png","https://datan.fr/assets/imgs/deputes_original/depute_793238.png","169.34"
33,"Nathalie Bassire","033_Nathalie_Bassire.png","https://datan.fr/assets/imgs/deputes_nobg/depute_721046.png","21.66"
34,"Quentin Bataillon","034_Quentin_Bataillon.png","https://datan.fr/assets/imgs/deputes_nobg/depute_794214.png","14.96"
35,"Delphine Batho","035_Delphine_Batho.png","https://datan.fr/assets/imgs/deputes_original/depute_335999.png","169.34"
36,"Marie-Noëlle Battistel","036_Marie-Noëlle_Battistel.png","https://datan.fr/assets/imgs/deputes_original/depute_342415.png","169.34"
37,"Xavier Batut","037_Xavier_Batut.png","https://datan.fr/assets/imgs/deputes_nobg/depute_721522.png","15.80"
38,"Romain Baubry","038_Romain_Baubry.png","https://datan.fr/assets/imgs/deputes_original/depute_793374.png","169.34"
39,"Julien Bayou","039_Julien_Bayou.png","https://datan.fr/assets/imgs/deputes_nobg/depute_795058.png","15.18"
40,"Thibault Bazin","040_Thibault_Bazin.png","https://datan.fr/assets/imgs/deputes_original/depute_642847.png","169.34"
41,"Valérie Bazin-Malgras","041_Valérie_Bazin-Malgras.png","https://datan.fr/assets/imgs/deputes_original/depute_718884.png","169.34"
42,"Clément Beaune","042_Clément_Beaune.png","https://datan.fr/assets/imgs/deputes_nobg/depute_774109.png","14.96"
43,"José Beaurain","043_José_Beaurain.png","https://datan.fr/assets/imgs/deputes_original/depute_793158.png","169.34"
44,"Olivier Becht","044_Olivier_Becht.png","https://datan.fr/assets/imgs/deputes_original/depute_642935.png","169.34"
45,"Belkhir Belhaddad","045_Belkhir_Belhaddad.png","https://datan.fr/assets/imgs/deputes_original/depute_720362.png","169.34"
46,"Mounir Belhamiti","046_Mounir_Belhamiti.png","https://datan.fr/assets/imgs/deputes_nobg/depute_719910.png","15.10"
47,"Béatrice Bellamy","047_Béatrice_Bellamy.png","https://datan.fr/assets/imgs/deputes_original/depute_795278.png","169.34"
48,"Lisa Belluco","048_Lisa_Belluco.png","https://datan.fr/assets/imgs/deputes_original/depute_795362.png","169.34"
49,"Karim Ben Cheikh","049_Karim_Ben_Cheikh.png","https://datan.fr/assets/imgs/deputes_original/depute_795454.png","169.34"
50,"Édouard Bénard","050_Édouard_Bénard.png","https://datan.fr/assets/imgs/deputes_original/depute_796106.png","169.34"
51,"Thierry Benoit","051_Thierry_Benoit.png","https://datan.fr/assets/imgs/deputes_original/depute_332228.png","169.34"
52,"Christophe Bentz","052_Christophe_Bentz.png","https://datan.fr/assets/imgs/deputes_original/depute_794434.png","169.34"
53,"Fanta Berete","053_Fanta_Berete.png","https://datan.fr/assets/imgs/deputes_nobg/depute_721828.png","22.11"
54,"Anne Bergantz","054_Anne_Bergantz.png","https://datan.fr/assets/imgs/deputes_original/depute_805166.png","84.21"
55,"Aurore Bergé","055_Aurore_Bergé.png","https://datan.fr/assets/imgs/deputes_original/depute_722046.png","169.34"
56,"Denis Bernaert","056_Denis_Bernaert.png","https://datan.fr/assets/imgs/deputes_nobg/depute_795572.png","15.17"
57,"Ugo Bernalicis","057_Ugo_Bernalicis.png","https://datan.fr/assets/imgs/deputes_original/depute_720430.png","169.34"
58,"Philippe Berta","058_Philippe_Berta.png","https://datan.fr/assets/imgs/deputes_nobg/depute_719488.png","17.37"
59,"Pierrick Berteloot","059_Pierrick_Berteloot.png","https://datan.fr/assets/imgs/deputes_nobg/depute_794522.png","13.64"
60,"Hervé Berville","060_Hervé_Berville.png","https://datan.fr/assets/imgs/deputes_original/depute_719218.png","169.34"
61,"Véronique Besse","061_Véronique_Besse.png","https://datan.fr/assets/imgs/deputes_original/depute_309643.png","169.34"
62,"Christophe Bex","062_Christophe_Bex.png","https://datan.fr/assets/imgs/deputes_original/depute_793772.png","169.34"
63,"Bruno Bilde","063_Bruno_Bilde.png","https://datan.fr/assets/imgs/deputes_original/depute_720822.png","169.34"
64,"Carlos Martens Bilongo","064_Carlos_Martens_Bilongo.png","https://datan.fr/assets/imgs/deputes_original/depute_795616.png","169.34"
65,"Emmanuel Blairy","065_Emmanuel_Blairy.png","https://datan.fr/assets/imgs/deputes_original/depute_720668.png","169.34"
66,"Sophie Blanc","066_Sophie_Blanc.png","https://datan.fr/assets/imgs/deputes_original/depute_794886.png","169.34"
67,"Christophe Blanchet","067_Christophe_Blanchet.png","https://datan.fr/assets/imgs/deputes_original/depute_719024.png","169.34"
68,"Anne-Laure Blin","068_Anne-Laure_Blin.png","https://datan.fr/assets/imgs/deputes_original/depute_774954.png","169.34"
69,"Frédéric Boccaletti","069_Frédéric_Boccaletti.png","https://datan.fr/assets/imgs/deputes_original/depute_796042.png","169.34"
70,"Philippe Bolo","070_Philippe_Bolo.png","https://datan.fr/assets/imgs/deputes_original/depute_720162.png","169.34"
71,"Manuel Bompard","071_Manuel_Bompard.png","https://datan.fr/assets/imgs/deputes_original/depute_793444.png","169.34"
72,"Sylvie Bonnet","072_Sylvie_Bonnet.png","https://datan.fr/assets/imgs/deputes_original/depute_719968.png","169.34"
73,"Émilie Bonnivard","073_Émilie_Bonnivard.png","https://datan.fr/assets/imgs/deputes_original/depute_721410.png","169.34"
74,"Jean-Yves Bony","074_Jean-Yves_Bony.png","https://datan.fr/assets/imgs/deputes_original/depute_266793.png","169.34"
75,"Benoît Bordat","075_Benoît_Bordat.png","https://datan.fr/assets/imgs/deputes_nobg/depute_793500.png","15.19"
76,"Pascale Bordes","076_Pascale_Bordes.png","https://datan.fr/assets/imgs/deputes_original/depute_793844.png","169.34"
77,"Élisabeth Borne","077_Élisabeth_Borne.png","https://datan.fr/assets/imgs/deputes_original/depute_717161.png","169.34"
78,"Éric Bothorel","078_Éric_Bothorel.png","https://datan.fr/assets/imgs/deputes_original/depute_642695.png","169.34"
79,"Ian Boucard","079_Ian_Boucard.png","https://datan.fr/assets/imgs/deputes_original/depute_721816.png","169.34"
80,"Florent Boudié","080_Florent_Boudié.png","https://datan.fr/assets/imgs/deputes_original/depute_606507.png","169.34"
81,"Chantal Bouloux","081_Chantal_Bouloux.png","https://datan.fr/assets/imgs/deputes_nobg/depute_793528.png","18.11"
82,"Mickaël Bouloux","082_Mickaël_Bouloux.png","https://datan.fr/assets/imgs/deputes_original/depute_794094.png","169.34"
83,"Idir Boumertit","083_Idir_Boumertit.png","https://datan.fr/assets/imgs/deputes_original/depute_794938.png","169.34"
84,"Jean-Luc Bourgeaux","084_Jean-Luc_Bourgeaux.png","https://datan.fr/assets/imgs/deputes_original/depute_342240.png","169.34"
85,"Jean-Louis Bourlanges","085_Jean-Louis_Bourlanges.png","https://datan.fr/assets/imgs/deputes_nobg/depute_721608.png","17.24"
86,"Soumya Bourouaha","086_Soumya_Bourouaha.png","https://datan.fr/assets/imgs/deputes_original/depute_720838.png","169.34"
87,"Bertrand Bouyx","087_Bertrand_Bouyx.png","https://datan.fr/assets/imgs/deputes_original/depute_719032.png","169.34"
88,"Jorys Bovet","088_Jorys_Bovet.png","https://datan.fr/assets/imgs/deputes_original/depute_793182.png","169.34"
89,"Louis Boyard","089_Louis_Boyard.png","https://datan.fr/assets/imgs/deputes_original/depute_795318.png","169.34"
90,"Pascale Boyer","090_Pascale_Boyer.png","https://datan.fr/assets/imgs/deputes_nobg/depute_718710.png","20.07"
91,"Yaël Braun-Pivet","091_Yaël_Braun-Pivet.png","https://datan.fr/assets/imgs/deputes_original/depute_721908.png","169.34"
92,"Maud Bregeon","092_Maud_Bregeon.png","https://datan.fr/assets/imgs/deputes_original/depute_795990.png","169.34"
93,"Xavier Breton","093_Xavier_Breton.png","https://datan.fr/assets/imgs/deputes_original/depute_330008.png","169.34"
94,"Guy Bricout","094_Guy_Bricout.png","https://datan.fr/assets/imgs/deputes_nobg/depute_267766.png","15.28"
95,"Jean-Louis Bricout","095_Jean-Louis_Bricout.png","https://datan.fr/assets/imgs/deputes_nobg/depute_605069.png","17.10"
96,"Hubert Brigand","096_Hubert_Brigand.png","https://datan.fr/assets/imgs/deputes_original/depute_793508.png","169.34"
97,"Blandine Brocard","097_Blandine_Brocard.png","https://datan.fr/assets/imgs/deputes_original/depute_721336.png","169.34"
98,"Anthony Brosse","098_Anthony_Brosse.png","https://datan.fr/assets/imgs/deputes_original/depute_794330.png","169.34"
99,"Moetai Brotherson","099_Moetai_Brotherson.png","https://datan.fr/assets/imgs/deputes_nobg/depute_721118.png","18.83"
100,"Vincent Bru","100_Vincent_Bru.png","https://datan.fr/assets/imgs/deputes_nobg/depute_720772.png","14.60"
101,"Anne Brugnera","101_Anne_Brugnera.png","https://datan.fr/assets/imgs/deputes_nobg/depute_721328.png","14.34"
102,"Danielle Brulebois","102_Danielle_Brulebois.png","https://datan.fr/assets/imgs/deputes_original/depute_719890.png","169.34"
103,"Fabrice Brun","103_Fabrice_Brun.png","https://datan.fr/assets/imgs/deputes_original/depute_718838.png","169.34"
104,"Philippe Brun","104_Philippe_Brun.png","https://datan.fr/assets/imgs/deputes_original/depute_793624.png","169.34"
105,"Stéphane Buchou","105_Stéphane_Buchou.png","https://datan.fr/assets/imgs/deputes_original/depute_722000.png","169.34"
106,"Françoise Buffet","106_Françoise_Buffet.png","https://datan.fr/assets/imgs/deputes_original/depute_794798.png","169.34"
107,"Jérôme Buisson","107_Jérôme_Buisson.png","https://datan.fr/assets/imgs/deputes_original/depute_793134.png","169.34"
108,"Frédéric Cabrolier","108_Frédéric_Cabrolier.png","https://datan.fr/assets/imgs/deputes_nobg/depute_795836.png","15.12"
109,"Elie Califer","109_Elie_Califer.png","https://datan.fr/assets/imgs/deputes_original/depute_795762.png","169.34"
110,"Céline Calvez","110_Céline_Calvez.png","https://datan.fr/assets/imgs/deputes_original/depute_721750.png","169.34"
111,"Agnès Carel","111_Agnès_Carel.png","https://datan.fr/assets/imgs/deputes_nobg/depute_795266.png","16.21"
112,"Eléonore Caroit","112_Eléonore_Caroit.png","https://datan.fr/assets/imgs/deputes_original/depute_795330.png","169.34"
113,"Aymeric Caron","113_Aymeric_Caron.png","https://datan.fr/assets/imgs/deputes_original/depute_796090.png","169.34"
114,"Sylvain Carrière","114_Sylvain_Carrière.png","https://datan.fr/assets/imgs/deputes_original/depute_793912.png","169.34"
115,"Michel Castellani","115_Michel_Castellani.png","https://datan.fr/assets/imgs/deputes_original/depute_719138.png","169.34"
116,"Jean-Victor Castor","116_Jean-Victor_Castor.png","https://datan.fr/assets/imgs/deputes_original/depute_795868.png","169.34"
117,"Victor Catteau","117_Victor_Catteau.png","https://datan.fr/assets/imgs/deputes_nobg/depute_794638.png","16.14"
118,"Lionel Causse","118_Lionel_Causse.png","https://datan.fr/assets/imgs/deputes_original/depute_719922.png","169.34"
119,"Thomas Cazenave","119_Thomas_Cazenave.png","https://datan.fr/assets/imgs/deputes_original/depute_793940.png","169.34"
120,"Jean-René Cazeneuve","120_Jean-René_Cazeneuve.png","https://datan.fr/assets/imgs/deputes_original/depute_719472.png","169.34"
121,"Pierre Cazeneuve","121_Pierre_Cazeneuve.png","https://datan.fr/assets/imgs/deputes_original/depute_795864.png","169.34"
122,"Steve Chailloux","122_Steve_Chailloux.png","https://datan.fr/assets/imgs/deputes_nobg/depute_795192.png","19.16"
123,"Émilie Chandler","123_Émilie_Chandler.png","https://datan.fr/assets/imgs/deputes_nobg/depute_795508.png","16.32"
124,"André Chassaigne","124_André_Chassaigne.png","https://datan.fr/assets/imgs/deputes_original/depute_267306.png","169.34"
125,"Clara Chassaniol","125_Clara_Chassaniol.png","https://datan.fr/assets/imgs/deputes_nobg/depute_795068.png","17.94"
126,"Cyrielle Chatelain","126_Cyrielle_Chatelain.png","https://datan.fr/assets/imgs/deputes_original/depute_794008.png","169.34"
127,"Florian Chauche","127_Florian_Chauche.png","https://datan.fr/assets/imgs/deputes_nobg/depute_795580.png","14.78"
128,"Yannick Chenevard","128_Yannick_Chenevard.png","https://datan.fr/assets/imgs/deputes_original/depute_795908.png","169.34"
129,"Sébastien Chenu","129_Sébastien_Chenu.png","https://datan.fr/assets/imgs/deputes_original/depute_720468.png","169.34"
130,"Sophia Chikirou","130_Sophia_Chikirou.png","https://datan.fr/assets/imgs/deputes_original/depute_791812.png","169.34"
131,"Paul Christophe","131_Paul_Christophe.png","https://datan.fr/assets/imgs/deputes_original/depute_642868.png","169.34"
132,"Roger Chudeau","132_Roger_Chudeau.png","https://datan.fr/assets/imgs/deputes_original/depute_794198.png","169.34"
133,"Dino Cinieri","133_Dino_Cinieri.png","https://datan.fr/assets/imgs/deputes_nobg/depute_267429.png","15.74"
134,"Éric Ciotti","134_Éric_Ciotti.png","https://datan.fr/assets/imgs/deputes_original/depute_330240.png","169.34"
135,"Mireille Clapot","135_Mireille_Clapot.png","https://datan.fr/assets/imgs/deputes_nobg/depute_719294.png","21.38"
136,"Hadrien Clouet","136_Hadrien_Clouet.png","https://datan.fr/assets/imgs/deputes_original/depute_793736.png","169.34"
137,"Fabienne Colboc","137_Fabienne_Colboc.png","https://datan.fr/assets/imgs/deputes_nobg/depute_719814.png","21.04"
138,"Claire Colomb-Pitollat","138_Claire_Colomb-Pitollat.png","https://datan.fr/assets/imgs/deputes_nobg/depute_718910.png","19.58"
139,"Paul-André Colombani","139_Paul-André_Colombani.png","https://datan.fr/assets/imgs/deputes_original/depute_719286.png","169.34"
140,"Caroline Colombier","140_Caroline_Colombier.png","https://datan.fr/assets/imgs/deputes_original/depute_793548.png","169.34"
141,"Éric Coquerel","141_Éric_Coquerel.png","https://datan.fr/assets/imgs/deputes_original/depute_721202.png","169.34"
142,"Alexis Corbière","142_Alexis_Corbière.png","https://datan.fr/assets/imgs/deputes_original/depute_721210.png","169.34"
143,"Pierre Cordier","143_Pierre_Cordier.png","https://datan.fr/assets/imgs/deputes_original/depute_718850.png","169.34"
144,"François Cormier-Bouligeon","144_François_Cormier-Bouligeon.png","https://datan.fr/assets/imgs/deputes_original/depute_719118.png","169.34"
145,"Josiane Corneloup","145_Josiane_Corneloup.png","https://datan.fr/assets/imgs/deputes_original/depute_722390.png","169.34"
146,"Mickaël Cosson","146_Mickaël_Cosson.png","https://datan.fr/assets/imgs/deputes_original/depute_793520.png","169.34"
147,"Bérangère Couillard","147_Bérangère_Couillard.png","https://datan.fr/assets/imgs/deputes_nobg/depute_719624.png","19.14"
148,"Jean-François Coulomme","148_Jean-François_Coulomme.png","https://datan.fr/assets/imgs/deputes_original/depute_795136.png","169.34"
149,"Annick Cousin","149_Annick_Cousin.png","https://datan.fr/assets/imgs/deputes_nobg/depute_794222.png","19.71"
150,"Catherine Couturier","150_Catherine_Couturier.png","https://datan.fr/assets/imgs/deputes_nobg/depute_793680.png","17.54"
151,"Laurence Cristol","151_Laurence_Cristol.png","https://datan.fr/assets/imgs/deputes_nobg/depute_793876.png","19.50"
152,"Laurent Croizier","152_Laurent_Croizier.png","https://datan.fr/assets/imgs/deputes_original/depute_793716.png","169.34"
153,"Jean-Pierre Cubertafon","153_Jean-Pierre_Cubertafon.png","https://datan.fr/assets/imgs/deputes_nobg/depute_719266.png","15.40"
154,"Christelle D'Intorni","154_Christelle_D'Intorni.png","https://datan.fr/assets/imgs/deputes_original/depute_793322.png","169.34"
155,"Nathalie Da Conceicao Carvalho","155_Nathalie_Da_Conceicao_Carvalho.png","https://datan.fr/assets/imgs/deputes_original/depute_795644.png","169.34"
156,"Dominique Da Silva","156_Dominique_Da_Silva.png","https://datan.fr/assets/imgs/deputes_nobg/depute_720932.png","15.47"
157,"Marie-Christine Dalloz","157_Marie-Christine_Dalloz.png","https://datan.fr/assets/imgs/deputes_original/depute_332523.png","169.34"
158,"Gérald Darmanin","158_Gérald_Darmanin.png","https://datan.fr/assets/imgs/deputes_original/depute_607846.png","169.34"
159,"Geneviève Darrieussecq","159_Geneviève_Darrieussecq.png","https://datan.fr/assets/imgs/deputes_original/depute_719914.png","169.34"
160,"Romain Daubié","160_Romain_Daubié.png","https://datan.fr/assets/imgs/deputes_original/depute_793122.png","169.34"
161,"Hendrik Davi","161_Hendrik_Davi.png","https://datan.fr/assets/imgs/deputes_original/depute_793452.png","169.34"
162,"Alain David","162_Alain_David.png","https://datan.fr/assets/imgs/deputes_original/depute_1008.png","169.34"
163,"Charles de Courson","163_Charles_de_Courson.png","https://datan.fr/assets/imgs/deputes_original/depute_942.png","169.34"
164,"Grégoire de Fournas","164_Grégoire_de_Fournas.png","https://datan.fr/assets/imgs/deputes_nobg/depute_793964.png","14.70"
165,"Hervé de Lépinau","165_Hervé_de_Lépinau.png","https://datan.fr/assets/imgs/deputes_original/depute_642988.png","169.34"
166,"Véronique de Montchalin","166_Véronique_de_Montchalin.png","https://datan.fr/assets/imgs/deputes_nobg/depute_719376.png","16.79"
167,"Christine Decodts","167_Christine_Decodts.png","https://datan.fr/assets/imgs/deputes_nobg/depute_794510.png","18.30"
168,"Arthur Delaporte","168_Arthur_Delaporte.png","https://datan.fr/assets/imgs/deputes_original/depute_793394.png","169.34"
169,"Stéphane Delautrette","169_Stéphane_Delautrette.png","https://datan.fr/assets/imgs/deputes_original/depute_795430.png","169.34"
170,"Sébastien Delogu","170_Sébastien_Delogu.png","https://datan.fr/assets/imgs/deputes_original/depute_793464.png","169.34"
171,"Julie Delpech","171_Julie_Delpech.png","https://datan.fr/assets/imgs/deputes_original/depute_794982.png","169.34"
172,"Béatrice Descamps","172_Béatrice_Descamps.png","https://datan.fr/assets/imgs/deputes_nobg/depute_720696.png","17.98"
173,"Vincent Descoeur","173_Vincent_Descoeur.png","https://datan.fr/assets/imgs/deputes_original/depute_330909.png","169.34"
174,"Frédéric Descrozaille","174_Frédéric_Descrozaille.png","https://datan.fr/assets/imgs/deputes_nobg/depute_720862.png","16.08"
175,"Mathilde Desjonquères","175_Mathilde_Desjonquères.png","https://datan.fr/assets/imgs/deputes_nobg/depute_794194.png","16.28"
176,"Jocelyn Dessigny","176_Jocelyn_Dessigny.png","https://datan.fr/assets/imgs/deputes_original/depute_793166.png","169.34"
177,"Pierre Dharréville","177_Pierre_Dharréville.png","https://datan.fr/assets/imgs/deputes_nobg/depute_718926.png","14.36"
178,"Fabien Di Filippo","178_Fabien_Di_Filippo.png","https://datan.fr/assets/imgs/deputes_original/depute_720386.png","169.34"
179,"Edwige Diaz","179_Edwige_Diaz.png","https://datan.fr/assets/imgs/deputes_original/depute_793928.png","169.34"
180,"Benjamin Dirx","180_Benjamin_Dirx.png","https://datan.fr/assets/imgs/deputes_original/depute_722382.png","169.34"
181,"Julien Dive","181_Julien_Dive.png","https://datan.fr/assets/imgs/deputes_original/depute_712015.png","169.34"
182,"Sandrine Dogor-Such","182_Sandrine_Dogor-Such.png","https://datan.fr/assets/imgs/deputes_original/depute_794762.png","169.34"
183,"Ingrid Dordain","183_Ingrid_Dordain.png","https://datan.fr/assets/imgs/deputes_nobg/depute_795774.png","18.79"
184,"Nicolas Dragon","184_Nicolas_Dragon.png","https://datan.fr/assets/imgs/deputes_original/depute_793146.png","169.34"
185,"Francis Dubois","185_Francis_Dubois.png","https://datan.fr/assets/imgs/deputes_nobg/depute_793476.png","17.16"
186,"Nicole Dubré-Chirat","186_Nicole_Dubré-Chirat.png","https://datan.fr/assets/imgs/deputes_original/depute_720154.png","169.34"
187,"Virginie Duby-Muller","187_Virginie_Duby-Muller.png","https://datan.fr/assets/imgs/deputes_original/depute_608826.png","169.34"
188,"Alma Dufour","188_Alma_Dufour.png","https://datan.fr/assets/imgs/deputes_original/depute_795200.png","169.34"
189,"Pierre-Henri Dumont","189_Pierre-Henri_Dumont.png","https://datan.fr/assets/imgs/deputes_nobg/depute_720684.png","15.06"
190,"Philippe Dunoyer","190_Philippe_Dunoyer.png","https://datan.fr/assets/imgs/deputes_nobg/depute_721094.png","15.70"
191,"Stella Dupont","191_Stella_Dupont.png","https://datan.fr/assets/imgs/deputes_original/depute_643175.png","169.34"
192,"Nicolas Dupont-Aignan","192_Nicolas_Dupont-Aignan.png","https://datan.fr/assets/imgs/deputes_nobg/depute_1206.png","15.35"
193,"Olivier Dussopt","193_Olivier_Dussopt.png","https://datan.fr/assets/imgs/deputes_nobg/depute_330357.png","13.98"
194,"Inaki Echaniz","194_Inaki_Echaniz.png","https://datan.fr/assets/imgs/deputes_original/depute_794854.png","169.34"
195,"Sarah El Haïry","195_Sarah_El_Haïry.png","https://datan.fr/assets/imgs/deputes_nobg/depute_720002.png","19.52"
196,"Philippe Emmanuel","196_Philippe_Emmanuel.png","https://datan.fr/assets/imgs/deputes_nobg/depute_795688.png","15.31"
197,"Christine Engrand","197_Christine_Engrand.png","https://datan.fr/assets/imgs/deputes_original/depute_794718.png","169.34"
198,"Karen Erodi","198_Karen_Erodi.png","https://datan.fr/assets/imgs/deputes_original/depute_795844.png","169.34"
199,"Sophie Errante","199_Sophie_Errante.png","https://datan.fr/assets/imgs/deputes_original/depute_607193.png","169.34"
200,"Laurent Esquenet-Goxes","200_Laurent_Esquenet-Goxes.png","https://datan.fr/assets/imgs/deputes_nobg/depute_793792.png","13.83"
201,"Martine Etienne","201_Martine_Etienne.png","https://datan.fr/assets/imgs/deputes_nobg/depute_794458.png","15.98"
202,"Philippe Fait","202_Philippe_Fait.png","https://datan.fr/assets/imgs/deputes_original/depute_794658.png","169.34"
203,"Frédéric Falcon","203_Frédéric_Falcon.png","https://datan.fr/assets/imgs/deputes_original/depute_793246.png","169.34"
204,"Olivier Falorni","204_Olivier_Falorni.png","https://datan.fr/assets/imgs/deputes_original/depute_605694.png","169.34"
205,"Elsa Faucillon","205_Elsa_Faucillon.png","https://datan.fr/assets/imgs/deputes_original/depute_721896.png","169.34"
206,"Dominique Faure","206_Dominique_Faure.png","https://datan.fr/assets/imgs/deputes_nobg/depute_793788.png","21.25"
207,"Olivier Faure","207_Olivier_Faure.png","https://datan.fr/assets/imgs/deputes_original/depute_609332.png","169.34"
208,"Yannick Favennec-Bécot","208_Yannick_Favennec-Bécot.png","https://datan.fr/assets/imgs/deputes_original/depute_267042.png","169.34"
209,"Emmanuel Fernandes","209_Emmanuel_Fernandes.png","https://datan.fr/assets/imgs/deputes_original/depute_794786.png","169.34"
210,"Marc Ferracci","210_Marc_Ferracci.png","https://datan.fr/assets/imgs/deputes_original/depute_795884.png","169.34"
211,"Marina Ferrari","211_Marina_Ferrari.png","https://datan.fr/assets/imgs/deputes_original/depute_795120.png","169.34"
212,"Sylvie Ferrer","212_Sylvie_Ferrer.png","https://datan.fr/assets/imgs/deputes_original/depute_794870.png","169.34"
213,"Marc Fesneau","213_Marc_Fesneau.png","https://datan.fr/assets/imgs/deputes_original/depute_719938.png","169.34"
214,"Caroline Fiat","214_Caroline_Fiat.png","https://datan.fr/assets/imgs/deputes_nobg/depute_720286.png","15.78"
215,"Jean-Marie Fiévet","215_Jean-Marie_Fiévet.png","https://datan.fr/assets/imgs/deputes_original/depute_722134.png","169.34"
216,"Agnès Firmin Le Bodo","216_Agnès_Firmin_Le_Bodo.png","https://datan.fr/assets/imgs/deputes_original/depute_267780.png","169.34"
217,"Estelle Folest","217_Estelle_Folest.png","https://datan.fr/assets/imgs/deputes_nobg/depute_795604.png","19.60"
218,"Nicolas Forissier","218_Nicolas_Forissier.png","https://datan.fr/assets/imgs/deputes_original/depute_1327.png","169.34"
219,"Charles Fournier","219_Charles_Fournier.png","https://datan.fr/assets/imgs/deputes_original/depute_793980.png","169.34"
220,"Thibaut François","220_Thibaut_François.png","https://datan.fr/assets/imgs/deputes_nobg/depute_794538.png","14.83"
221,"Thierry Frappé","221_Thierry_Frappé.png","https://datan.fr/assets/imgs/deputes_original/depute_794678.png","169.34"
222,"Philippe Frei","222_Philippe_Frei.png","https://datan.fr/assets/imgs/deputes_nobg/depute_719190.png","14.84"
223,"Anne-Sophie Frigout","223_Anne-Sophie_Frigout.png","https://datan.fr/assets/imgs/deputes_nobg/depute_794286.png","19.73"
224,"Martine Froger","224_Martine_Froger.png","https://datan.fr/assets/imgs/deputes_original/depute_822617.png","169.34"
225,"Bruno Fuchs","225_Bruno_Fuchs.png","https://datan.fr/assets/imgs/deputes_original/depute_722284.png","169.34"
226,"Jean-Luc Fugit","226_Jean-Luc_Fugit.png","https://datan.fr/assets/imgs/deputes_original/depute_722366.png","169.34"
227,"Perceval Gaillard","227_Perceval_Gaillard.png","https://datan.fr/assets/imgs/deputes_original/depute_796070.png","169.34"
228,"Stéphanie Galzy","228_Stéphanie_Galzy.png","https://datan.fr/assets/imgs/deputes_original/depute_793892.png","169.34"
229,"Marie-Charlotte Garin","229_Marie-Charlotte_Garin.png","https://datan.fr/assets/imgs/deputes_original/depute_795010.png","169.34"
230,"Guillaume Garot","230_Guillaume_Garot.png","https://datan.fr/assets/imgs/deputes_original/depute_333285.png","169.34"
231,"Raquel Garrido","231_Raquel_Garrido.png","https://datan.fr/assets/imgs/deputes_nobg/depute_796132.png","22.07"
232,"Thomas Gassilloud","232_Thomas_Gassilloud.png","https://datan.fr/assets/imgs/deputes_original/depute_722358.png","169.34"
233,"Maud Gatel","233_Maud_Gatel.png","https://datan.fr/assets/imgs/deputes_nobg/depute_721760.png","17.26"
234,"Jean-Jacques Gaultier","234_Jean-Jacques_Gaultier.png","https://datan.fr/assets/imgs/deputes_nobg/depute_267324.png","14.74"
235,"Luc Geismar","235_Luc_Geismar.png","https://datan.fr/assets/imgs/deputes_nobg/depute_720006.png","14.35"
236,"Anne Genetet","236_Anne_Genetet.png","https://datan.fr/assets/imgs/deputes_original/depute_721024.png","169.34"
237,"Annie Genevard","237_Annie_Genevard.png","https://datan.fr/assets/imgs/deputes_original/depute_605991.png","169.34"
238,"Félicie Gérard","238_Félicie_Gérard.png","https://datan.fr/assets/imgs/deputes_original/depute_794470.png","169.34"
239,"Raphaël Gérard","239_Raphaël_Gérard.png","https://datan.fr/assets/imgs/deputes_nobg/depute_719108.png","13.81"
240,"François Gernigon","240_François_Gernigon.png","https://datan.fr/assets/imgs/deputes_original/depute_794234.png","169.34"
241,"Hadrien Ghomi","241_Hadrien_Ghomi.png","https://datan.fr/assets/imgs/deputes_nobg/depute_721722.png","14.54"
242,"Frank Giletti","242_Frank_Giletti.png","https://datan.fr/assets/imgs/deputes_original/depute_796034.png","169.34"
243,"Yoann Gillet","243_Yoann_Gillet.png","https://datan.fr/assets/imgs/deputes_original/depute_793832.png","169.34"
244,"Christian Girard","244_Christian_Girard.png","https://datan.fr/assets/imgs/deputes_original/depute_793102.png","169.34"
245,"Éric Girardin","245_Éric_Girardin.png","https://datan.fr/assets/imgs/deputes_nobg/depute_720222.png","16.19"
246,"Joël Giraud","246_Joël_Giraud.png","https://datan.fr/assets/imgs/deputes_nobg/depute_267336.png","17.06"
247,"Olga Givernet","247_Olga_Givernet.png","https://datan.fr/assets/imgs/deputes_original/depute_718674.png","169.34"
248,"Charlotte Goetschy-Bolognese","248_Charlotte_Goetschy-Bolognese.png","https://datan.fr/assets/imgs/deputes_nobg/depute_794846.png","18.56"
249,"José Gonzalez","249_José_Gonzalez.png","https://datan.fr/assets/imgs/deputes_original/depute_793362.png","169.34"
250,"Philippe Gosselin","250_Philippe_Gosselin.png","https://datan.fr/assets/imgs/deputes_original/depute_266797.png","169.34"
251,"Guillaume Gouffier Valente","251_Guillaume_Gouffier_Valente.png","https://datan.fr/assets/imgs/deputes_original/depute_721296.png","169.34"
252,"Florence Goulet","252_Florence_Goulet.png","https://datan.fr/assets/imgs/deputes_original/depute_794418.png","169.34"
253,"Perrine Goulet","253_Perrine_Goulet.png","https://datan.fr/assets/imgs/deputes_original/depute_720560.png","169.34"
254,"Carole Grandjean","254_Carole_Grandjean.png","https://datan.fr/assets/imgs/deputes_nobg/depute_720170.png","19.19"
255,"Géraldine Grangier","255_Géraldine_Grangier.png","https://datan.fr/assets/imgs/deputes_original/depute_793592.png","169.34"
256,"Olivia Grégoire","256_Olivia_Grégoire.png","https://datan.fr/assets/imgs/deputes_original/depute_721764.png","169.34"
257,"Jean-Carles Grelier","257_Jean-Carles_Grelier.png","https://datan.fr/assets/imgs/deputes_original/depute_267318.png","169.34"
258,"Daniel Grenon","258_Daniel_Grenon.png","https://datan.fr/assets/imgs/deputes_original/depute_795540.png","169.34"
259,"Anne Grignon","259_Anne_Grignon.png","https://datan.fr/assets/imgs/deputes_nobg/depute_721840.png","14.37"
260,"Justine Gruet","260_Justine_Gruet.png","https://datan.fr/assets/imgs/deputes_original/depute_794058.png","169.34"
261,"Jérôme Guedj","261_Jérôme_Guedj.png","https://datan.fr/assets/imgs/deputes_original/depute_1567.png","169.34"
262,"Stanislas Guerini","262_Stanislas_Guerini.png","https://datan.fr/assets/imgs/deputes_nobg/depute_721498.png","13.94"
263,"Clémence Guetté","263_Clémence_Guetté.png","https://datan.fr/assets/imgs/deputes_original/depute_795310.png","169.34"
264,"Marie Guévenoux","264_Marie_Guévenoux.png","https://datan.fr/assets/imgs/deputes_nobg/depute_721880.png","19.45"
265,"Claire Guichard","265_Claire_Guichard.png","https://datan.fr/assets/imgs/deputes_nobg/depute_795934.png","18.15"
266,"Philippe Guillemard","266_Philippe_Guillemard.png","https://datan.fr/assets/imgs/deputes_nobg/depute_720174.png","14.18"
267,"Michel Guiniot","267_Michel_Guiniot.png","https://datan.fr/assets/imgs/deputes_original/depute_794734.png","169.34"
268,"David Guiraud","268_David_Guiraud.png","https://datan.fr/assets/imgs/deputes_original/depute_794478.png","169.34"
269,"Jordan Guitton","269_Jordan_Guitton.png","https://datan.fr/assets/imgs/deputes_original/depute_793218.png","169.34"
270,"Frantz Gumbs","270_Frantz_Gumbs.png","https://datan.fr/assets/imgs/deputes_original/depute_795258.png","169.34"
271,"Victor Habert-Dassault","271_Victor_Habert-Dassault.png","https://datan.fr/assets/imgs/deputes_nobg/depute_783457.png","14.94"
272,"David Habib","272_David_Habib.png","https://datan.fr/assets/imgs/deputes_original/depute_1592.png","169.34"
273,"Meyer Habib","273_Meyer_Habib.png","https://datan.fr/assets/imgs/deputes_nobg/depute_695100.png","15.47"
274,"Benjamin Haddad","274_Benjamin_Haddad.png","https://datan.fr/assets/imgs/deputes_original/depute_795958.png","169.34"
275,"Nadia Hai","275_Nadia_Hai.png","https://datan.fr/assets/imgs/deputes_nobg/depute_722054.png","17.53"
276,"Johnny Hajjar","276_Johnny_Hajjar.png","https://datan.fr/assets/imgs/deputes_nobg/depute_795828.png","15.17"
277,"Marine Hamelet","277_Marine_Hamelet.png","https://datan.fr/assets/imgs/deputes_original/depute_795900.png","169.34"
278,"Yannick Haury","278_Yannick_Haury.png","https://datan.fr/assets/imgs/deputes_nobg/depute_720054.png","15.41"
279,"Joris Hébrard","279_Joris_Hébrard.png","https://datan.fr/assets/imgs/deputes_nobg/depute_796110.png","15.79"
280,"Pierre Henriet","280_Pierre_Henriet.png","https://datan.fr/assets/imgs/deputes_original/depute_722070.png","169.34"
281,"Michel Herbillon","281_Michel_Herbillon.png","https://datan.fr/assets/imgs/deputes_original/depute_1630.png","169.34"
282,"Patrick Hetzel","282_Patrick_Hetzel.png","https://datan.fr/assets/imgs/deputes_original/depute_608416.png","169.34"
283,"Laurence Heydel Grillere","283_Laurence_Heydel_Grillere.png","https://datan.fr/assets/imgs/deputes_nobg/depute_793190.png","17.99"
284,"Mathilde Hignet","284_Mathilde_Hignet.png","https://datan.fr/assets/imgs/deputes_original/depute_794082.png","169.34"
285,"Alexandre Holroyd","285_Alexandre_Holroyd.png","https://datan.fr/assets/imgs/deputes_nobg/depute_721150.png","15.61"
286,"Sacha Houlié","286_Sacha_Houlié.png","https://datan.fr/assets/imgs/deputes_original/depute_722150.png","169.34"
287,"Timothée Houssin","287_Timothée_Houssin.png","https://datan.fr/assets/imgs/deputes_original/depute_793632.png","169.34"
288,"Servane Hugues","288_Servane_Hugues.png","https://datan.fr/assets/imgs/deputes_nobg/depute_794004.png","15.10"
289,"Éric Husson","289_Éric_Husson.png","https://datan.fr/assets/imgs/deputes_nobg/depute_795708.png","23.27"
290,"Monique Iborra","290_Monique_Iborra.png","https://datan.fr/assets/imgs/deputes_nobg/depute_331835.png","18.69"
291,"Jérémie Iordanoff","291_Jérémie_Iordanoff.png","https://datan.fr/assets/imgs/deputes_original/depute_794022.png","169.34"
292,"Cyrille Isaac-Sibille","292_Cyrille_Isaac-Sibille.png","https://datan.fr/assets/imgs/deputes_original/depute_722374.png","169.34"
293,"Alexis Izard","293_Alexis_Izard.png","https://datan.fr/assets/imgs/deputes_nobg/depute_795652.png","15.33"
294,"Laurent Jacobelli","294_Laurent_Jacobelli.png","https://datan.fr/assets/imgs/deputes_original/depute_794598.png","169.34"
295,"Jean-Michel Jacques","295_Jean-Michel_Jacques.png","https://datan.fr/assets/imgs/deputes_original/depute_720354.png","169.34"
296,"Élodie Jacquier-Laforge","296_Élodie_Jacquier-Laforge.png","https://datan.fr/assets/imgs/deputes_nobg/depute_719874.png","18.98"
297,"Caroline Janvier","297_Caroline_Janvier.png","https://datan.fr/assets/imgs/deputes_nobg/depute_720074.png","20.93"
298,"Catherine Jaouen","298_Catherine_Jaouen.png","https://datan.fr/assets/imgs/deputes_nobg/depute_796114.png","16.78"
299,"François Jolivet","299_François_Jolivet.png","https://datan.fr/assets/imgs/deputes_original/depute_719778.png","169.34"
300,"Alexis Jolly","300_Alexis_Jolly.png","https://datan.fr/assets/imgs/deputes_original/depute_794030.png","169.34"
301,"Sandrine Josso","301_Sandrine_Josso.png","https://datan.fr/assets/imgs/deputes_original/depute_720038.png","169.34"
302,"Chantal Jourdan","302_Chantal_Jourdan.png","https://datan.fr/assets/imgs/deputes_original/depute_643192.png","169.34"
303,"Hubert Julien-Laferrière","303_Hubert_Julien-Laferrière.png","https://datan.fr/assets/imgs/deputes_nobg/depute_722344.png","15.35"
304,"Sébastien Jumel","304_Sébastien_Jumel.png","https://datan.fr/assets/imgs/deputes_nobg/depute_722202.png","14.48"
305,"Philippe Juvin","305_Philippe_Juvin.png","https://datan.fr/assets/imgs/deputes_original/depute_346782.png","169.34"
306,"Émeline K/Bidi","306_Émeline_K/Bidi.png","https://datan.fr/assets/imgs/deputes_original/depute_795998.png",""
307,"Mansour Kamardine","307_Mansour_Kamardine.png","https://datan.fr/assets/imgs/deputes_nobg/depute_267901.png","15.72"
308,"Marietta Karamanli","308_Marietta_Karamanli.png","https://datan.fr/assets/imgs/deputes_original/depute_335054.png","169.34"
309,"Guillaume Kasbarian","309_Guillaume_Kasbarian.png","https://datan.fr/assets/imgs/deputes_original/depute_719372.png","169.34"
310,"Rachel Keke","310_Rachel_Keke.png","https://datan.fr/assets/imgs/deputes_nobg/depute_795438.png","14.61"
311,"Fatiha Keloua Hachi","311_Fatiha_Keloua_Hachi.png","https://datan.fr/assets/imgs/deputes_original/depute_795156.png","169.34"
312,"Andy Kerbrat","312_Andy_Kerbrat.png","https://datan.fr/assets/imgs/deputes_original/depute_794130.png","169.34"
313,"Loïc Kervran","313_Loïc_Kervran.png","https://datan.fr/assets/imgs/deputes_original/depute_719052.png","169.34"
314,"Fadila Khattabi","314_Fadila_Khattabi.png","https://datan.fr/assets/imgs/deputes_nobg/depute_719186.png","15.59"
315,"Brigitte Klinkert","315_Brigitte_Klinkert.png","https://datan.fr/assets/imgs/deputes_original/depute_643184.png","169.34"
316,"Stéphanie Kochert","316_Stéphanie_Kochert.png","https://datan.fr/assets/imgs/deputes_nobg/depute_794818.png","17.24"
317,"Daniel Labaronne","317_Daniel_Labaronne.png","https://datan.fr/assets/imgs/deputes_original/depute_719798.png","169.34"
318,"Bastien Lachaud","318_Bastien_Lachaud.png","https://datan.fr/assets/imgs/deputes_original/depute_720846.png","169.34"
319,"Emmanuel Lacresse","319_Emmanuel_Lacresse.png","https://datan.fr/assets/imgs/deputes_nobg/depute_794450.png","14.61"
320,"Julie Laernoes","320_Julie_Laernoes.png","https://datan.fr/assets/imgs/deputes_original/depute_794146.png","169.34"
321,"Fabien Lainé","321_Fabien_Lainé.png","https://datan.fr/assets/imgs/deputes_original/depute_719918.png","84.78"
322,"Maxime Laisney","322_Maxime_Laisney.png","https://datan.fr/assets/imgs/deputes_original/depute_795516.png","169.34"
323,"Amélia Lakrafi","323_Amélia_Lakrafi.png","https://datan.fr/assets/imgs/deputes_original/depute_721004.png","169.34"
324,"Luc Lamirault","324_Luc_Lamirault.png","https://datan.fr/assets/imgs/deputes_nobg/depute_719382.png","16.11"
325,"Virginie Lanlo","325_Virginie_Lanlo.png","https://datan.fr/assets/imgs/deputes_nobg/depute_643048.png","18.53"
326,"Hélène Laporte","326_Hélène_Laporte.png","https://datan.fr/assets/imgs/deputes_original/depute_794354.png","169.34"
327,"Mohamed Laqhila","327_Mohamed_Laqhila.png","https://datan.fr/assets/imgs/deputes_nobg/depute_718978.png","15.62"
328,"Jean-Charles Larsonneur","328_Jean-Charles_Larsonneur.png","https://datan.fr/assets/imgs/deputes_nobg/depute_719396.png","15.36"
329,"Florence Lasserre","329_Florence_Lasserre.png","https://datan.fr/assets/imgs/deputes_nobg/depute_720764.png","20.07"
330,"Philippe Latombe","330_Philippe_Latombe.png","https://datan.fr/assets/imgs/deputes_original/depute_721984.png","169.34"
331,"Michel Lauzzana","331_Michel_Lauzzana.png","https://datan.fr/assets/imgs/deputes_original/depute_720022.png","169.34"
332,"Laure Lavalette","332_Laure_Lavalette.png","https://datan.fr/assets/imgs/deputes_original/depute_795912.png","169.34"
333,"Pascal Lavergne","333_Pascal_Lavergne.png","https://datan.fr/assets/imgs/deputes_nobg/depute_719664.png","15.23"
334,"Sandrine Le Feur","334_Sandrine_Le_Feur.png","https://datan.fr/assets/imgs/deputes_original/depute_719412.png","169.34"
335,"Marc Le Fur","335_Marc_Le_Fur.png","https://datan.fr/assets/imgs/deputes_nobg/depute_1874.png","13.95"
336,"Didier Le Gac","336_Didier_Le_Gac.png","https://datan.fr/assets/imgs/deputes_original/depute_719404.png","169.34"
337,"Arnaud Le Gall","337_Arnaud_Le_Gall.png","https://datan.fr/assets/imgs/deputes_original/depute_795672.png","169.34"
338,"Tematai Le Gayic","338_Tematai_Le_Gayic.png","https://datan.fr/assets/imgs/deputes_nobg/depute_795184.png","16.21"
339,"Gilles Le Gendre","339_Gilles_Le_Gendre.png","https://datan.fr/assets/imgs/deputes_nobg/depute_721466.png","15.09"
340,"Constance Le Grip","340_Constance_Le_Grip.png","https://datan.fr/assets/imgs/deputes_original/depute_345722.png","169.34"
341,"Anne Le Hénanff","341_Anne_Le_Hénanff.png","https://datan.fr/assets/imgs/deputes_original/depute_794426.png","169.34"
342,"Annaïg Le Meur","342_Annaïg_Le_Meur.png","https://datan.fr/assets/imgs/deputes_original/depute_719388.png","169.34"
343,"Christine Le Nabour","343_Christine_Le_Nabour.png","https://datan.fr/assets/imgs/deputes_original/depute_719756.png","169.34"
344,"Nicole Le Peih","344_Nicole_Le_Peih.png","https://datan.fr/assets/imgs/deputes_original/depute_720342.png","169.34"
345,"Marine Le Pen","345_Marine_Le_Pen.png","https://datan.fr/assets/imgs/deputes_original/depute_720614.png","169.34"
346,"Fabrice Le Vigoureux","346_Fabrice_Le_Vigoureux.png","https://datan.fr/assets/imgs/deputes_nobg/depute_719006.png","17.50"
347,"Antoine Léaument","347_Antoine_Léaument.png","https://datan.fr/assets/imgs/deputes_original/depute_795746.png","169.34"
348,"Marie Lebec","348_Marie_Lebec.png","https://datan.fr/assets/imgs/deputes_original/depute_721852.png","169.34"
349,"Karine Lebon","349_Karine_Lebon.png","https://datan.fr/assets/imgs/deputes_original/depute_774962.png","169.34"
350,"Élise Leboucher","350_Élise_Leboucher.png","https://datan.fr/assets/imgs/deputes_original/depute_795108.png","169.34"
351,"Pascal Lecamp","351_Pascal_Lecamp.png","https://datan.fr/assets/imgs/deputes_original/depute_795374.png","169.34"
352,"Julie Lechanteux","352_Julie_Lechanteux.png","https://datan.fr/assets/imgs/deputes_original/depute_796026.png","169.34"
353,"Laurent Leclercq","353_Laurent_Leclercq.png","https://datan.fr/assets/imgs/deputes_nobg/depute_793644.png","14.32"
354,"Jean-Paul Lecoq","354_Jean-Paul_Lecoq.png","https://datan.fr/assets/imgs/deputes_original/depute_335612.png","169.34"
355,"Vincent Ledoux","355_Vincent_Ledoux.png","https://datan.fr/assets/imgs/deputes_original/depute_712014.png","84.78"
356,"Charlotte Leduc","356_Charlotte_Leduc.png","https://datan.fr/assets/imgs/deputes_nobg/depute_794402.png","19.76"
357,"Mathieu Lefèvre","357_Mathieu_Lefèvre.png","https://datan.fr/assets/imgs/deputes_original/depute_795386.png","169.34"
358,"Jérôme Legavre","358_Jérôme_Legavre.png","https://datan.fr/assets/imgs/deputes_original/depute_795298.png","169.34"
359,"Sarah Legrain","359_Sarah_Legrain.png","https://datan.fr/assets/imgs/deputes_original/depute_791824.png","169.34"
360,"Gisèle Lelouis","360_Gisèle_Lelouis.png","https://datan.fr/assets/imgs/deputes_original/depute_793290.png","169.34"
361,"Didier Lemaire","361_Didier_Lemaire.png","https://datan.fr/assets/imgs/deputes_original/depute_794838.png","169.34"
362,"Patricia Lemoine","362_Patricia_Lemoine.png","https://datan.fr/assets/imgs/deputes_nobg/depute_721632.png","17.34"
363,"Stéphane Lenormand","363_Stéphane_Lenormand.png","https://datan.fr/assets/imgs/deputes_original/depute_795244.png","169.34"
364,"Murielle Lepvraud","364_Murielle_Lepvraud.png","https://datan.fr/assets/imgs/deputes_original/depute_793532.png","169.34"
365,"Roland Lescure","365_Roland_Lescure.png","https://datan.fr/assets/imgs/deputes_original/depute_721134.png","169.34"
366,"Gérard Leseul","366_Gérard_Leseul.png","https://datan.fr/assets/imgs/deputes_original/depute_774958.png","169.34"
367,"Katiana Levavasseur","367_Katiana_Levavasseur.png","https://datan.fr/assets/imgs/deputes_original/depute_793608.png","169.34"
368,"Delphine Lingemann","368_Delphine_Lingemann.png","https://datan.fr/assets/imgs/deputes_original/depute_794702.png","169.34"
369,"Brigitte Liso","369_Brigitte_Liso.png","https://datan.fr/assets/imgs/deputes_original/depute_720446.png","169.34"
370,"Christine Loir","370_Christine_Loir.png","https://datan.fr/assets/imgs/deputes_original/depute_793672.png","169.34"
371,"Aurélien Lopez-Liguori","371_Aurélien_Lopez-Liguori.png","https://datan.fr/assets/imgs/deputes_original/depute_793904.png","169.34"
372,"Marie-France Lorho","372_Marie-France_Lorho.png","https://datan.fr/assets/imgs/deputes_original/depute_721932.png","169.34"
373,"Philippe Lottiaux","373_Philippe_Lottiaux.png","https://datan.fr/assets/imgs/deputes_original/depute_795974.png","169.34"
374,"Alexandre Loubet","374_Alexandre_Loubet.png","https://datan.fr/assets/imgs/deputes_original/depute_794590.png","169.34"
375,"Véronique Louwagie","375_Véronique_Louwagie.png","https://datan.fr/assets/imgs/deputes_original/depute_608016.png","169.34"
376,"Jean-François Lovisolo","376_Jean-François_Lovisolo.png","https://datan.fr/assets/imgs/deputes_nobg/depute_795216.png","16.50"
377,"Benjamin Lucas-Lundy","377_Benjamin_Lucas-Lundy.png","https://datan.fr/assets/imgs/deputes_original/depute_795636.png","169.34"
378,"Aude Luquet","378_Aude_Luquet.png","https://datan.fr/assets/imgs/deputes_nobg/depute_721530.png","15.99"
379,"Lise Magnier","379_Lise_Magnier.png","https://datan.fr/assets/imgs/deputes_original/depute_720230.png","169.34"
380,"Sylvain Maillard","380_Sylvain_Maillard.png","https://datan.fr/assets/imgs/deputes_original/depute_717379.png","169.34"
381,"Laurence Maillart-Méhaignerie","381_Laurence_Maillart-Méhaignerie.png","https://datan.fr/assets/imgs/deputes_nobg/depute_719718.png","20.13"
382,"Frédéric Maillot","382_Frédéric_Maillot.png","https://datan.fr/assets/imgs/deputes_original/depute_796010.png","169.34"
383,"Emmanuel Mandon","383_Emmanuel_Mandon.png","https://datan.fr/assets/imgs/deputes_original/depute_794114.png","169.34"
384,"Emmanuel Maquet","384_Emmanuel_Maquet.png","https://datan.fr/assets/imgs/deputes_nobg/depute_346054.png","14.90"
385,"Jacqueline Maquet","385_Jacqueline_Maquet.png","https://datan.fr/assets/imgs/deputes_nobg/depute_334116.png","16.11"
386,"Laurent Marcangeli","386_Laurent_Marcangeli.png","https://datan.fr/assets/imgs/deputes_original/depute_605782.png","169.34"
387,"Matthieu Marchio","387_Matthieu_Marchio.png","https://datan.fr/assets/imgs/deputes_original/depute_794530.png","169.34"
388,"Bastien Marchive","388_Bastien_Marchive.png","https://datan.fr/assets/imgs/deputes_original/depute_795730.png","169.34"
389,"Louis Margueritte","389_Louis_Margueritte.png","https://datan.fr/assets/imgs/deputes_nobg/depute_794974.png","14.92"
390,"Christophe Marion","390_Christophe_Marion.png","https://datan.fr/assets/imgs/deputes_original/depute_794206.png","169.34"
391,"Olivier Marleix","391_Olivier_Marleix.png","https://datan.fr/assets/imgs/deputes_original/depute_606098.png","169.34"
392,"Sandra Marsaud","392_Sandra_Marsaud.png","https://datan.fr/assets/imgs/deputes_original/depute_719080.png","169.34"
393,"Alexandra Martin","393_Alexandra_Martin.png","https://datan.fr/assets/imgs/deputes_original/depute_793342.png","169.34"
394,"Didier Martin","394_Didier_Martin.png","https://datan.fr/assets/imgs/deputes_nobg/depute_719154.png","16.35"
395,"Élisa Martin","395_Élisa_Martin.png","https://datan.fr/assets/imgs/deputes_original/depute_342384.png","169.34"
396,"Pascale Martin","396_Pascale_Martin.png","https://datan.fr/assets/imgs/deputes_nobg/depute_793688.png","17.58"
397,"Alexandra Martin (Gironde)","397_Alexandra_Martin_(Gironde).png","https://datan.fr/assets/imgs/deputes_nobg/depute_793944.png","18.03"
398,"Éric Martineau","398_Éric_Martineau.png","https://datan.fr/assets/imgs/deputes_original/depute_795100.png","169.34"
399,"William Martinet","399_William_Martinet.png","https://datan.fr/assets/imgs/deputes_nobg/depute_795692.png","13.50"
400,"Michèle Martinez","400_Michèle_Martinez.png","https://datan.fr/assets/imgs/deputes_original/depute_794770.png","169.34"
401,"Denis Masséglia","401_Denis_Masséglia.png","https://datan.fr/assets/imgs/deputes_original/depute_720146.png","169.34"
402,"Alexandra Masson","402_Alexandra_Masson.png","https://datan.fr/assets/imgs/deputes_original/depute_793314.png","169.34"
403,"Bryan Masson","403_Bryan_Masson.png","https://datan.fr/assets/imgs/deputes_original/depute_793330.png","169.34"
404,"Max Mathiasin","404_Max_Mathiasin.png","https://datan.fr/assets/imgs/deputes_original/depute_720976.png","169.34"
405,"Frédéric Mathieu","405_Frédéric_Mathieu.png","https://datan.fr/assets/imgs/deputes_nobg/depute_794066.png","13.69"
406,"Jean-Paul Mattei","406_Jean-Paul_Mattei.png","https://datan.fr/assets/imgs/deputes_original/depute_720728.png","169.34"
407,"Damien Maudet","407_Damien_Maudet.png","https://datan.fr/assets/imgs/deputes_original/depute_795422.png","169.34"
408,"Kévin Mauvieux","408_Kévin_Mauvieux.png","https://datan.fr/assets/imgs/deputes_original/depute_793616.png","169.34"
409,"Marianne Maximi","409_Marianne_Maximi.png","https://datan.fr/assets/imgs/deputes_original/depute_794686.png","169.34"
410,"Stéphane Mazars","410_Stéphane_Mazars.png","https://datan.fr/assets/imgs/deputes_original/depute_677483.png","169.34"
411,"Nicolas Meizonnet","411_Nicolas_Meizonnet.png","https://datan.fr/assets/imgs/deputes_original/depute_719436.png","169.34"
412,"Graziella Melchior","412_Graziella_Melchior.png","https://datan.fr/assets/imgs/deputes_original/depute_719338.png","169.34"
413,"Joëlle Mélin","413_Joëlle_Mélin.png","https://datan.fr/assets/imgs/deputes_original/depute_793354.png","169.34"
414,"Yaël Ménaché","414_Yaël_Ménaché.png","https://datan.fr/assets/imgs/deputes_original/depute_795786.png","169.34"
415,"Thomas Ménagé","415_Thomas_Ménagé.png","https://datan.fr/assets/imgs/deputes_original/depute_794322.png","169.34"
416,"Emmanuelle Ménard","416_Emmanuelle_Ménard.png","https://datan.fr/assets/imgs/deputes_nobg/depute_719608.png","16.17"
417,"Ludovic Mendes","417_Ludovic_Mendes.png","https://datan.fr/assets/imgs/deputes_original/depute_720370.png","169.34"
418,"Thomas Mesnier","418_Thomas_Mesnier.png","https://datan.fr/assets/imgs/deputes_nobg/depute_719072.png","14.59"
419,"Lysiane Métayer","419_Lysiane_Métayer.png","https://datan.fr/assets/imgs/deputes_nobg/depute_794386.png","20.47"
420,"Sophie Mette","420_Sophie_Mette.png","https://datan.fr/assets/imgs/deputes_original/depute_719640.png","169.34"
421,"Nicolas Metzdorf","421_Nicolas_Metzdorf.png","https://datan.fr/assets/imgs/deputes_original/depute_795176.png","169.34"
422,"Frédérique Meunier","422_Frédérique_Meunier.png","https://datan.fr/assets/imgs/deputes_original/depute_719272.png","169.34"
423,"Manon Meunier","423_Manon_Meunier.png","https://datan.fr/assets/imgs/deputes_original/depute_795482.png","169.34"
424,"Pierre Meurin","424_Pierre_Meurin.png","https://datan.fr/assets/imgs/deputes_original/depute_793852.png","169.34"
425,"Marjolaine Meynier-Millefert","425_Marjolaine_Meynier-Millefert.png","https://datan.fr/assets/imgs/deputes_nobg/depute_719882.png","19.44"
426,"Paul Midy","426_Paul_Midy.png","https://datan.fr/assets/imgs/deputes_original/depute_795664.png","169.34"
427,"Laure Miller","427_Laure_Miller.png","https://datan.fr/assets/imgs/deputes_original/depute_817203.png","169.34"
428,"Bruno Millienne","428_Bruno_Millienne.png","https://datan.fr/assets/imgs/deputes_nobg/depute_721976.png","16.21"
429,"Maxime Minot","429_Maxime_Minot.png","https://datan.fr/assets/imgs/deputes_nobg/depute_720630.png","14.34"
430,"Patricia Mirallès","430_Patricia_Mirallès.png","https://datan.fr/assets/imgs/deputes_nobg/depute_719668.png","21.62"
431,"Paul Molac","431_Paul_Molac.png","https://datan.fr/assets/imgs/deputes_original/depute_607619.png","169.34"
432,"Yannick Monnet","432_Yannick_Monnet.png","https://datan.fr/assets/imgs/deputes_original/depute_793174.png","169.34"
433,"Louise Morel","433_Louise_Morel.png","https://datan.fr/assets/imgs/deputes_original/depute_794810.png","169.34"
434,"Pierre Morel-À-L'Huissier","434_Pierre_Morel-À-L'Huissier.png","https://datan.fr/assets/imgs/deputes_nobg/depute_266788.png","16.07"
435,"Benoit Mournet","435_Benoit_Mournet.png","https://datan.fr/assets/imgs/deputes_nobg/depute_794878.png","14.71"
436,"Naïma Moutchou","436_Naïma_Moutchou.png","https://datan.fr/assets/imgs/deputes_original/depute_720908.png","169.34"
437,"Serge Muller","437_Serge_Muller.png","https://datan.fr/assets/imgs/deputes_original/depute_793696.png","169.34"
438,"Marcellin Nadeau","438_Marcellin_Nadeau.png","https://datan.fr/assets/imgs/deputes_original/depute_795820.png","169.34"
439,"Christophe Naegelen","439_Christophe_Naegelen.png","https://datan.fr/assets/imgs/deputes_original/depute_721486.png","169.34"
440,"Philippe Naillet","440_Philippe_Naillet.png","https://datan.fr/assets/imgs/deputes_original/depute_643157.png","169.34"
441,"Yannick Neuder","441_Yannick_Neuder.png","https://datan.fr/assets/imgs/deputes_original/depute_794038.png","169.34"
442,"Jean-Philippe Nilor","442_Jean-Philippe_Nilor.png","https://datan.fr/assets/imgs/deputes_original/depute_610654.png","169.34"
443,"Jérôme Nury","443_Jérôme_Nury.png","https://datan.fr/assets/imgs/deputes_original/depute_720644.png","169.34"
444,"Danièle Obono","444_Danièle_Obono.png","https://datan.fr/assets/imgs/deputes_original/depute_721960.png","169.34"
445,"Julien Odoul","445_Julien_Odoul.png","https://datan.fr/assets/imgs/deputes_original/depute_795552.png","169.34"
446,"Karl Olive","446_Karl_Olive.png","https://datan.fr/assets/imgs/deputes_original/depute_795722.png","169.34"
447,"Hubert Ott","447_Hubert_Ott.png","https://datan.fr/assets/imgs/deputes_original/depute_794830.png","169.34"
448,"Nathalie Oziol","448_Nathalie_Oziol.png","https://datan.fr/assets/imgs/deputes_original/depute_793872.png","169.34"
449,"Nicolas Pacquot","449_Nicolas_Pacquot.png","https://datan.fr/assets/imgs/deputes_nobg/depute_793588.png","15.30"
450,"Didier Padey","450_Didier_Padey.png","https://datan.fr/assets/imgs/deputes_original/depute_795124.png","84.21"
451,"Jimmy Pahun","451_Jimmy_Pahun.png","https://datan.fr/assets/imgs/deputes_original/depute_720334.png","169.34"
452,"Bertrand Pancher","452_Bertrand_Pancher.png","https://datan.fr/assets/imgs/deputes_nobg/depute_333421.png","15.88"
453,"Laurent Panifous","453_Laurent_Panifous.png","https://datan.fr/assets/imgs/deputes_original/depute_793210.png","169.34"
454,"Sophie Panonacle","454_Sophie_Panonacle.png","https://datan.fr/assets/imgs/deputes_original/depute_719632.png","169.34"
455,"Astrid Panosyan-Bouvet","455_Astrid_Panosyan-Bouvet.png","https://datan.fr/assets/imgs/deputes_original/depute_795050.png","169.34"
456,"Mathilde Panot","456_Mathilde_Panot.png","https://datan.fr/assets/imgs/deputes_original/depute_720892.png","169.34"
457,"Didier Parakian","457_Didier_Parakian.png","https://datan.fr/assets/imgs/deputes_nobg/depute_793282.png","15.71"
458,"Didier Paris","458_Didier_Paris.png","https://datan.fr/assets/imgs/deputes_nobg/depute_719202.png","14.90"
459,"Mathilde Paris","459_Mathilde_Paris.png","https://datan.fr/assets/imgs/deputes_nobg/depute_794314.png","19.25"
460,"Caroline Parmentier","460_Caroline_Parmentier.png","https://datan.fr/assets/imgs/deputes_original/depute_794670.png","169.34"
461,"Charlotte Parmentier-Lecocq","461_Charlotte_Parmentier-Lecocq.png","https://datan.fr/assets/imgs/deputes_original/depute_720480.png","169.34"
462,"Francesca Pasquini","462_Francesca_Pasquini.png","https://datan.fr/assets/imgs/deputes_nobg/depute_795794.png","19.34"
463,"Jérémie Patrier-Leitus","463_Jérémie_Patrier-Leitus.png","https://datan.fr/assets/imgs/deputes_original/depute_793398.png","169.34"
464,"Éric Pauget","464_Éric_Pauget.png","https://datan.fr/assets/imgs/deputes_original/depute_718784.png","169.34"
465,"Emmanuel Pellerin","465_Emmanuel_Pellerin.png","https://datan.fr/assets/imgs/deputes_nobg/depute_795926.png","15.52"
466,"Isabelle Périgault","466_Isabelle_Périgault.png","https://datan.fr/assets/imgs/deputes_nobg/depute_795406.png","17.40"
467,"Patrice Perrot","467_Patrice_Perrot.png","https://datan.fr/assets/imgs/deputes_nobg/depute_720414.png","15.55"
468,"Anne-Laurence Petel","468_Anne-Laurence_Petel.png","https://datan.fr/assets/imgs/deputes_nobg/depute_718930.png","20.41"
469,"Christelle Petex","469_Christelle_Petex.png","https://datan.fr/assets/imgs/deputes_original/depute_721442.png","169.34"
470,"Bertrand Petit","470_Bertrand_Petit.png","https://datan.fr/assets/imgs/deputes_nobg/depute_344201.png","15.80"
471,"Frédéric Petit","471_Frédéric_Petit.png","https://datan.fr/assets/imgs/deputes_original/depute_721182.png","169.34"
472,"Maud Petit","472_Maud_Petit.png","https://datan.fr/assets/imgs/deputes_original/depute_721234.png","169.34"
473,"Stéphane Peu","473_Stéphane_Peu.png","https://datan.fr/assets/imgs/deputes_original/depute_721270.png","169.34"
474,"Michèle Peyron","474_Michèle_Peyron.png","https://datan.fr/assets/imgs/deputes_nobg/depute_721710.png","17.13"
475,"Sébastien Peytavie","475_Sébastien_Peytavie.png","https://datan.fr/assets/imgs/deputes_original/depute_793708.png","169.34"
476,"Kévin Pfeffer","476_Kévin_Pfeffer.png","https://datan.fr/assets/imgs/deputes_original/depute_794582.png","169.34"
477,"Anna Pic","477_Anna_Pic.png","https://datan.fr/assets/imgs/deputes_original/depute_794270.png","169.34"
478,"René Pilato","478_René_Pilato.png","https://datan.fr/assets/imgs/deputes_original/depute_817211.png","169.34"
479,"François Piquemal","479_François_Piquemal.png","https://datan.fr/assets/imgs/deputes_original/depute_793756.png","169.34"
480,"Christine Pirès Beaune","480_Christine_Pirès_Beaune.png","https://datan.fr/assets/imgs/deputes_original/depute_608172.png","169.34"
481,"Béatrice Piron","481_Béatrice_Piron.png","https://datan.fr/assets/imgs/deputes_original/depute_721844.png","169.34"
482,"Christophe Plassard","482_Christophe_Plassard.png","https://datan.fr/assets/imgs/deputes_original/depute_793572.png","169.34"
483,"Marie Pochon","483_Marie_Pochon.png","https://datan.fr/assets/imgs/deputes_original/depute_793664.png","169.34"
484,"Lisette Pollet","484_Lisette_Pollet.png","https://datan.fr/assets/imgs/deputes_original/depute_793656.png","169.34"
485,"Barbara Pompili","485_Barbara_Pompili.png","https://datan.fr/assets/imgs/deputes_nobg/depute_609520.png","17.98"
486,"Jean-Pierre Pont","486_Jean-Pierre_Pont.png","https://datan.fr/assets/imgs/deputes_nobg/depute_2449.png","15.04"
487,"Jean-François Portarrieu","487_Jean-François_Portarrieu.png","https://datan.fr/assets/imgs/deputes_original/depute_719528.png","169.34"
488,"Thomas Portes","488_Thomas_Portes.png","https://datan.fr/assets/imgs/deputes_original/depute_796062.png","169.34"
489,"Alexandre Portier","489_Alexandre_Portier.png","https://datan.fr/assets/imgs/deputes_original/depute_794994.png","169.34"
490,"Dominique Potier","490_Dominique_Potier.png","https://datan.fr/assets/imgs/deputes_original/depute_607553.png","169.34"
491,"Josy Poueyto","491_Josy_Poueyto.png","https://datan.fr/assets/imgs/deputes_original/depute_720720.png","169.34"
492,"Éric Poulliat","492_Éric_Poulliat.png","https://datan.fr/assets/imgs/deputes_nobg/depute_719600.png","14.49"
493,"Marie-Agnès Poussier-Winsback","493_Marie-Agnès_Poussier-Winsback.png","https://datan.fr/assets/imgs/deputes_original/depute_795270.png","169.34"
494,"Natalia Pouzyreff","494_Natalia_Pouzyreff.png","https://datan.fr/assets/imgs/deputes_original/depute_721916.png","169.34"
495,"Philippe Pradal","495_Philippe_Pradal.png","https://datan.fr/assets/imgs/deputes_nobg/depute_793306.png","15.19"
496,"Aurélien Pradié","496_Aurélien_Pradié.png","https://datan.fr/assets/imgs/deputes_original/depute_720100.png","169.34"
497,"Loïc Prud'homme","497_Loïc_Prud'homme.png","https://datan.fr/assets/imgs/deputes_original/depute_719578.png","169.34"
498,"Adrien Quatennens","498_Adrien_Quatennens.png","https://datan.fr/assets/imgs/deputes_nobg/depute_720422.png","13.69"
499,"Valérie Rabault","499_Valérie_Rabault.png","https://datan.fr/assets/imgs/deputes_nobg/depute_609590.png","19.67"
500,"Stéphane Rambaud","500_Stéphane_Rambaud.png","https://datan.fr/assets/imgs/deputes_original/depute_795966.png","169.34"
501,"Richard Ramos","501_Richard_Ramos.png","https://datan.fr/assets/imgs/deputes_original/depute_720092.png","169.34"
502,"Angélique Ranc","502_Angélique_Ranc.png","https://datan.fr/assets/imgs/deputes_original/depute_793230.png","169.34"
503,"Julien Rancoule","503_Julien_Rancoule.png","https://datan.fr/assets/imgs/deputes_original/depute_793254.png","169.34"
504,"Jean-Hugues Ratenon","504_Jean-Hugues_Ratenon.png","https://datan.fr/assets/imgs/deputes_original/depute_721062.png","169.34"
505,"Isabelle Rauch","505_Isabelle_Rauch.png","https://datan.fr/assets/imgs/deputes_original/depute_720552.png","169.34"
506,"Jean-Claude Raux","506_Jean-Claude_Raux.png","https://datan.fr/assets/imgs/deputes_original/depute_794154.png","169.34"
507,"Nicolas Ray","507_Nicolas_Ray.png","https://datan.fr/assets/imgs/deputes_original/depute_793094.png","169.34"
508,"Rémy Rebeyrotte","508_Rémy_Rebeyrotte.png","https://datan.fr/assets/imgs/deputes_nobg/depute_722398.png","15.63"
509,"Robin Reda","509_Robin_Reda.png","https://datan.fr/assets/imgs/deputes_nobg/depute_721678.png","14.73"
510,"Sandra Regol","510_Sandra_Regol.png","https://datan.fr/assets/imgs/deputes_original/depute_794778.png","169.34"
511,"Mereana Reid Arbelot","511_Mereana_Reid_Arbelot.png","https://datan.fr/assets/imgs/deputes_original/depute_795240.png","169.34"
512,"Franck Riester","512_Franck_Riester.png","https://datan.fr/assets/imgs/deputes_original/depute_335758.png","169.34"
513,"Cécile Rilhac","513_Cécile_Rilhac.png","https://datan.fr/assets/imgs/deputes_nobg/depute_720900.png","18.07"
514,"Davy Rimane","514_Davy_Rimane.png","https://datan.fr/assets/imgs/deputes_original/depute_795876.png","169.34"
515,"Véronique Riotton","515_Véronique_Riotton.png","https://datan.fr/assets/imgs/deputes_original/depute_721426.png","169.34"
516,"Stéphanie Rist","516_Stéphanie_Rist.png","https://datan.fr/assets/imgs/deputes_original/depute_720066.png","169.34"
517,"Marie-Pierre Rixain","517_Marie-Pierre_Rixain.png","https://datan.fr/assets/imgs/deputes_original/depute_722252.png","169.34"
518,"Laurence Robert-Dehault","518_Laurence_Robert-Dehault.png","https://datan.fr/assets/imgs/deputes_original/depute_794442.png","169.34"
519,"Charles Rodwell","519_Charles_Rodwell.png","https://datan.fr/assets/imgs/deputes_original/depute_795528.png","169.34"
520,"Vincent Rolland","520_Vincent_Rolland.png","https://datan.fr/assets/imgs/deputes_original/depute_266808.png","169.34"
521,"Sébastien Rome","521_Sébastien_Rome.png","https://datan.fr/assets/imgs/deputes_nobg/depute_793884.png","15.41"
522,"Xavier Roseren","522_Xavier_Roseren.png","https://datan.fr/assets/imgs/deputes_original/depute_721458.png","169.34"
523,"Claudia Rouaux","523_Claudia_Rouaux.png","https://datan.fr/assets/imgs/deputes_original/depute_342196.png","169.34"
524,"Béatrice Roullaud","524_Béatrice_Roullaud.png","https://datan.fr/assets/imgs/deputes_original/depute_795410.png","169.34"
525,"Sandrine Rousseau","525_Sandrine_Rousseau.png","https://datan.fr/assets/imgs/deputes_original/depute_795076.png","169.34"
526,"Fabien Roussel","526_Fabien_Roussel.png","https://datan.fr/assets/imgs/deputes_nobg/depute_720692.png","15.36"
527,"Jean-François Rousset","527_Jean-François_Rousset.png","https://datan.fr/assets/imgs/deputes_original/depute_793270.png","169.34"
528,"Lionel Royer-Perreaut","528_Lionel_Royer-Perreaut.png","https://datan.fr/assets/imgs/deputes_nobg/depute_340643.png","15.05"
529,"Thomas Rudigoz","529_Thomas_Rudigoz.png","https://datan.fr/assets/imgs/deputes_nobg/depute_722292.png","16.63"
530,"François Ruffin","530_François_Ruffin.png","https://datan.fr/assets/imgs/deputes_original/depute_722142.png","169.34"
531,"Anaïs Sabatini","531_Anaïs_Sabatini.png","https://datan.fr/assets/imgs/deputes_original/depute_794894.png","169.34"
532,"Alexandre Sabatou","532_Alexandre_Sabatou.png","https://datan.fr/assets/imgs/deputes_original/depute_794570.png","169.34"
533,"Benjamin Saint-Huile","533_Benjamin_Saint-Huile.png","https://datan.fr/assets/imgs/deputes_nobg/depute_794626.png","15.28"
534,"Laetitia Saint-Paul","534_Laetitia_Saint-Paul.png","https://datan.fr/assets/imgs/deputes_original/depute_720138.png","169.34"
535,"Aurélien Saintoul","535_Aurélien_Saintoul.png","https://datan.fr/assets/imgs/deputes_original/depute_795982.png","169.34"
536,"Michel Sala","536_Michel_Sala.png","https://datan.fr/assets/imgs/deputes_nobg/depute_793724.png","16.73"
537,"Emeric Salmon","537_Emeric_Salmon.png","https://datan.fr/assets/imgs/deputes_original/depute_794954.png","169.34"
538,"Nicolas Sansu","538_Nicolas_Sansu.png","https://datan.fr/assets/imgs/deputes_original/depute_605745.png","169.34"
539,"Isabelle Santiago","539_Isabelle_Santiago.png","https://datan.fr/assets/imgs/deputes_original/depute_774960.png","169.34"
540,"Eva Sas","540_Eva_Sas.png","https://datan.fr/assets/imgs/deputes_original/depute_610002.png","169.34"
541,"Hervé Saulignac","541_Hervé_Saulignac.png","https://datan.fr/assets/imgs/deputes_original/depute_340343.png","169.34"
542,"Raphaël Schellenberger","542_Raphaël_Schellenberger.png","https://datan.fr/assets/imgs/deputes_original/depute_721314.png","169.34"
543,"Philippe Schreck","543_Philippe_Schreck.png","https://datan.fr/assets/imgs/deputes_original/depute_796050.png","169.34"
544,"Sabrina Sebaihi","544_Sabrina_Sebaihi.png","https://datan.fr/assets/imgs/deputes_original/depute_795808.png","169.34"
545,"Vincent Seitlinger","545_Vincent_Seitlinger.png","https://datan.fr/assets/imgs/deputes_nobg/depute_794410.png","14.40"
546,"Mikaele Seo","546_Mikaele_Seo.png","https://datan.fr/assets/imgs/deputes_original/depute_757225.png","169.34"
547,"Nathalie Serre","547_Nathalie_Serre.png","https://datan.fr/assets/imgs/deputes_nobg/depute_722308.png","18.13"
548,"Freddy Sertin","548_Freddy_Sertin.png","https://datan.fr/assets/imgs/deputes_original/depute_793416.png","84.78"
549,"Olivier Serva","549_Olivier_Serva.png","https://datan.fr/assets/imgs/deputes_original/depute_720960.png","169.34"
550,"Danielle Simonnet","550_Danielle_Simonnet.png","https://datan.fr/assets/imgs/deputes_original/depute_796018.png","169.34"
551,"Charles Sitzenstuhl","551_Charles_Sitzenstuhl.png","https://datan.fr/assets/imgs/deputes_original/depute_794802.png","169.34"
552,"Philippe Sorez","552_Philippe_Sorez.png","https://datan.fr/assets/imgs/deputes_nobg/depute_719672.png","15.61"
553,"Bertrand Sorre","553_Bertrand_Sorre.png","https://datan.fr/assets/imgs/deputes_original/depute_720190.png","169.34"
554,"Ersilia Soudais","554_Ersilia_Soudais.png","https://datan.fr/assets/imgs/deputes_original/depute_795466.png","169.34"
555,"Violette Spillebout","555_Violette_Spillebout.png","https://datan.fr/assets/imgs/deputes_original/depute_794486.png","169.34"
556,"Anne Stambach-Terrenoir","556_Anne_Stambach-Terrenoir.png","https://datan.fr/assets/imgs/deputes_original/depute_793744.png","169.34"
557,"Bruno Studer","557_Bruno_Studer.png","https://datan.fr/assets/imgs/deputes_nobg/depute_720754.png","14.02"
558,"Michèle Tabarot","558_Michèle_Tabarot.png","https://datan.fr/assets/imgs/deputes_original/depute_267794.png","169.34"
559,"Aurélien Taché","559_Aurélien_Taché.png","https://datan.fr/assets/imgs/deputes_original/depute_720952.png","169.34"
560,"Emmanuel Taché","560_Emmanuel_Taché.png","https://datan.fr/assets/imgs/deputes_original/depute_793382.png","169.34"
561,"Sophie Taillé-Polian","561_Sophie_Taillé-Polian.png","https://datan.fr/assets/imgs/deputes_original/depute_736201.png","169.34"
562,"Jean-Pierre Taite","562_Jean-Pierre_Taite.png","https://datan.fr/assets/imgs/deputes_original/depute_794178.png","169.34"
563,"Jean-Philippe Tanguy","563_Jean-Philippe_Tanguy.png","https://datan.fr/assets/imgs/deputes_original/depute_795778.png","169.34"
564,"Liliana Tanguy","564_Liliana_Tanguy.png","https://datan.fr/assets/imgs/deputes_original/depute_719550.png","169.34"
565,"Sarah Tanzilli","565_Sarah_Tanzilli.png","https://datan.fr/assets/imgs/deputes_nobg/depute_794930.png","20.02"
566,"David Taupiac","566_David_Taupiac.png","https://datan.fr/assets/imgs/deputes_original/depute_793796.png","169.34"
567,"Bénédicte Taurine","567_Bénédicte_Taurine.png","https://datan.fr/assets/imgs/deputes_nobg/depute_718860.png","22.74"
568,"Andrée Taurinya","568_Andrée_Taurinya.png","https://datan.fr/assets/imgs/deputes_original/depute_794106.png","169.34"
569,"Matthias Tavel","569_Matthias_Tavel.png","https://datan.fr/assets/imgs/deputes_original/depute_794166.png","169.34"
570,"Michaël Taverne","570_Michaël_Taverne.png","https://datan.fr/assets/imgs/deputes_original/depute_794502.png","169.34"
571,"Jean-Marc Tellier","571_Jean-Marc_Tellier.png","https://datan.fr/assets/imgs/deputes_nobg/depute_794650.png","16.01"
572,"Jean Terlier","572_Jean_Terlier.png","https://datan.fr/assets/imgs/deputes_original/depute_721584.png","169.34"
573,"Prisca Thevenot","573_Prisca_Thevenot.png","https://datan.fr/assets/imgs/deputes_original/depute_795920.png","169.34"
574,"Vincent Thiébaut","574_Vincent_Thiébaut.png","https://datan.fr/assets/imgs/deputes_original/depute_722336.png","169.34"
575,"Jean-Louis Thiériot","575_Jean-Louis_Thiériot.png","https://datan.fr/assets/imgs/deputes_original/depute_643089.png","169.34"
576,"Nicolas Thierry","576_Nicolas_Thierry.png","https://datan.fr/assets/imgs/deputes_original/depute_793948.png","169.34"
577,"Sabine Thillaye","577_Sabine_Thillaye.png","https://datan.fr/assets/imgs/deputes_original/depute_719822.png","169.34"
578,"Mélanie Thomin","578_Mélanie_Thomin.png","https://datan.fr/assets/imgs/deputes_original/depute_793816.png","169.34"
579,"Huguette Tiegna","579_Huguette_Tiegna.png","https://datan.fr/assets/imgs/deputes_nobg/depute_720014.png","18.58"
580,"Lionel Tivoli","580_Lionel_Tivoli.png","https://datan.fr/assets/imgs/deputes_original/depute_793298.png","169.34"
581,"Stéphane Travert","581_Stéphane_Travert.png","https://datan.fr/assets/imgs/deputes_original/depute_607395.png","169.34"
582,"Aurélie Trouvé","582_Aurélie_Trouvé.png","https://datan.fr/assets/imgs/deputes_original/depute_795164.png","169.34"
583,"Nicolas Turquois","583_Nicolas_Turquois.png","https://datan.fr/assets/imgs/deputes_original/depute_722162.png","169.34"
584,"Cécile Untermaier","584_Cécile_Untermaier.png","https://datan.fr/assets/imgs/deputes_nobg/depute_608695.png","19.30"
585,"David Valence","585_David_Valence.png","https://datan.fr/assets/imgs/deputes_nobg/depute_721482.png","14.35"
586,"Isabelle Valentin","586_Isabelle_Valentin.png","https://datan.fr/assets/imgs/deputes_nobg/depute_643134.png","20.12"
587,"Boris Vallaud","587_Boris_Vallaud.png","https://datan.fr/assets/imgs/deputes_original/depute_719930.png","169.34"
588,"Frédéric Valletoux","588_Frédéric_Valletoux.png","https://datan.fr/assets/imgs/deputes_original/depute_795350.png","169.34"
589,"Paul Vannier","589_Paul_Vannier.png","https://datan.fr/assets/imgs/deputes_original/depute_795596.png","169.34"
590,"Pierre Vatin","590_Pierre_Vatin.png","https://datan.fr/assets/imgs/deputes_nobg/depute_720586.png","14.50"
591,"Olivier Véran","591_Olivier_Véran.png","https://datan.fr/assets/imgs/deputes_nobg/depute_642788.png","14.58"
592,"Antoine Vermorel-Marques","592_Antoine_Vermorel-Marques.png","https://datan.fr/assets/imgs/deputes_original/depute_794118.png","169.34"
593,"Laurence Vichnievsky","593_Laurence_Vichnievsky.png","https://datan.fr/assets/imgs/deputes_nobg/depute_720704.png","17.41"
594,"Roger Vicot","594_Roger_Vicot.png","https://datan.fr/assets/imgs/deputes_original/depute_794494.png","169.34"
595,"Annie Vidal","595_Annie_Vidal.png","https://datan.fr/assets/imgs/deputes_original/depute_722102.png","169.34"
596,"Jean-Pierre Vigier","596_Jean-Pierre_Vigier.png","https://datan.fr/assets/imgs/deputes_original/depute_607090.png","169.34"
597,"Philippe Vigier","597_Philippe_Vigier.png","https://datan.fr/assets/imgs/deputes_original/depute_331582.png","169.34"
598,"Patrick Vignal","598_Patrick_Vignal.png","https://datan.fr/assets/imgs/deputes_nobg/depute_606639.png","15.40"
599,"Corinne Vignon","599_Corinne_Vignon.png","https://datan.fr/assets/imgs/deputes_original/depute_719512.png","169.34"
600,"Juliette Vilgrain","600_Juliette_Vilgrain.png","https://datan.fr/assets/imgs/deputes_nobg/depute_795354.png","16.99"
601,"Antoine Villedieu","601_Antoine_Villedieu.png","https://datan.fr/assets/imgs/deputes_original/depute_794946.png","169.34"
602,"André Villiers","602_André_Villiers.png","https://datan.fr/assets/imgs/deputes_nobg/depute_421348.png","15.11"
603,"Alexandre Vincendet","603_Alexandre_Vincendet.png","https://datan.fr/assets/imgs/deputes_nobg/depute_794914.png","13.98"
604,"Anne-Cécile Violland","604_Anne-Cécile_Violland.png","https://datan.fr/assets/imgs/deputes_original/depute_795026.png","169.34"
605,"Stéphane Viry","605_Stéphane_Viry.png","https://datan.fr/assets/imgs/deputes_original/depute_721474.png","169.34"
606,"Stéphane Vojetta","606_Stéphane_Vojetta.png","https://datan.fr/assets/imgs/deputes_original/depute_721170.png","169.34"
607,"Lionel Vuibert","607_Lionel_Vuibert.png","https://datan.fr/assets/imgs/deputes_original/depute_793194.png","84.78"
608,"Guillaume Vuilletet","608_Guillaume_Vuilletet.png","https://datan.fr/assets/imgs/deputes_nobg/depute_721262.png","15.51"
609,"Léo Walter","609_Léo_Walter.png","https://datan.fr/assets/imgs/deputes_nobg/depute_793110.png","14.96"
610,"Jean-Luc Warsmann","610_Jean-Luc_Warsmann.png","https://datan.fr/assets/imgs/deputes_original/depute_2952.png","169.34"
611,"Christopher Weissberg","611_Christopher_Weissberg.png","https://datan.fr/assets/imgs/deputes_original/depute_795326.png","84.21"
612,"Jiovanny William","612_Jiovanny_William.png","https://datan.fr/assets/imgs/deputes_original/depute_720992.png","169.34"
613,"Éric Woerth","613_Éric_Woerth.png","https://datan.fr/assets/imgs/deputes_original/depute_2960.png","169.34"
614,"Hubert Wulfranc","614_Hubert_Wulfranc.png","https://datan.fr/assets/imgs/deputes_nobg/depute_722110.png","16.21"
615,"Caroline Yadan","615_Caroline_Yadan.png","https://datan.fr/assets/imgs/deputes_original/depute_795046.png","169.34"
616,"Estelle Youssouffa","616_Estelle_Youssouffa.png","https://datan.fr/assets/imgs/deputes_original/depute_796078.png","169.34"
617,"Frédéric Zgainski","617_Frédéric_Zgainski.png","https://datan.fr/assets/imgs/deputes_nobg/depute_793860.png","14.52"
618,"Jean-Marc Zulesi","618_Jean-Marc_Zulesi.png","https://datan.fr/assets/imgs/deputes_nobg/depute_718962.png","15.28"
619,"Logo Datan","619_Logo_Datan.png","https://datan.fr/assets/imgs/datan/logo_baseline_white_transp.png","58.00"
620,"Logo Facebook","620_Logo_Facebook.png","https://datan.fr/assets/imgs/logos/facebook_datan.png","7.94"
621,"Logo X","621_Logo_X.png","https://datan.fr/assets/imgs/logos/x_datan.svg","2.23"
622,"Logo Linkedin","622_Logo_Linkedin.png","https://datan.fr/assets/imgs/logos/linkedin_datan.svg","9.53"
623,"Logo Instagram","623_Logo_Instagram.png","https://datan.fr/assets/imgs/logos/instagram_datan.svg","11.35"
624,"Logo Bluesky","624_Logo_Bluesky.png","https://datan.fr/assets/imgs/logos/bluesky_datan.svg","2.93"
625,"Logo GitHub","625_Logo_GitHub.png","https://datan.fr/assets/imgs/logos/github-mark.svg","0.94"